n_neurons,output,mse_val_norm,mse_val,mse_test_norm,mse_test,val_rmse,val_std,a,b
41.0,0.0,0.010791055060758675,103631183.44987541,0.0059950335009286435,57572907.33828598,10044.125247556805,10005.474735122178,0.9689273518351857,0.021018515639386844
41.0,1.0,0.008736849892698738,851486912.9428439,0.0056281365730518115,548514022.405113,28732.654825627185,28517.13580747179,0.9853726679928371,0.012890658836192892
41.0,2.0,0.008731112764083618,850927780.7175496,0.0056903228315722185,554574631.0655053,28724.169006210086,28481.069343703784,0.9854347500244052,0.011962653915100657
41.0,3.0,0.013693148178390704,837697.4754638755,0.016271189260097834,995412.7228360344,895.0289328839663,889.8609491066562,1.0242073940620788,-0.01369546302058628
41.0,4.0,0.005937468311699656,391540.40110262006,0.029652620778123598,1955412.3636952187,614.17490725565,609.0063756267334,0.9984298458922232,-0.0010730208158332265
41.0,5.0,0.025087496685037104,124645.74604799274,0.013626765174159623,67703.77843728158,346.98188745871374,342.31738765342317,0.8859710501094742,0.05954866266267432
41.0,6.0,0.011466529545083018,1948417.9470693406,0.03653199916971546,6207597.754456611,1376.9374134323791,1365.5258308330303,1.0481781064635256,-0.015481913371283768
41.0,7.0,0.004636171034322227,62084075.275121465,0.003205279956476851,42922669.403045654,7831.348486840005,7702.568231871661,1.0190103347575683,-0.00633642687870257
